{
  "label": "current_0_0",
  "runs": 5,
  "config_diff": {},
  "detect_success_rate": 1.0,
  "header_success_rate": 1.0,
  "payload_success_rate": 0.8,
  "equalizer_accept_rate": 1.0,
  "avg_header_alignment_peak": 0.9932870626449585,
  "avg_timing_header_peak": 1.0,
  "avg_final_peak": 1.0,
  "avg_preamble_cfo_score": 0.9886853695410075,
  "avg_preamble_cfo_frequency_hz": -0.13240121997370896,
  "avg_costas_error_mean": -0.11819904641597531,
  "avg_costas_error_variance": 0.0513146631536074,
  "avg_costas_phase_span": 0.012951992102898657,
  "avg_gardner_error_mean": 0.0024457274004817007,
  "avg_gardner_error_variance": 0.013828553631901741,
  "avg_timing_error": 1.0258888006210327,
  "avg_carrier_error": 0.5634567379951477,
  "avg_equalized_error": 0.4721397399902344,
  "avg_fine_error": 0.42403165698051454,
  "avg_eq_before_mse": 0.3715428225989544,
  "avg_eq_after_mse": 0.2291803408031899,
  "noise_floor_dB": -4.683503787544851,
  "pipeline_roundtrip_ok": true,
  "representative_run_index": 2
}