{
  "label": "current",
  "runs": 5,
  "config_diff": {},
  "detect_success_rate": 0.4,
  "header_success_rate": 1.0,
  "payload_success_rate": 0.4,
  "equalizer_accept_rate": 0.4,
  "avg_header_alignment_peak": 0.5005303204059601,
  "avg_timing_header_peak": 0.5483870923519134,
  "avg_final_peak": 0.5290322542190552,
  "avg_preamble_cfo_score": 0.49500779154293173,
  "avg_preamble_cfo_frequency_hz": 238.8858803407714,
  "avg_costas_error_mean": -0.05609353564213961,
  "avg_costas_error_variance": 0.15638568690046667,
  "avg_costas_phase_span": 0.01216248907148838,
  "avg_gardner_error_mean": 0.0005386217846535147,
  "avg_gardner_error_variance": 0.05628300290554762,
  "avg_timing_error": 1.0113856434822082,
  "avg_carrier_error": 0.8110539019107819,
  "avg_equalized_error": 0.773242861032486,
  "avg_fine_error": 0.7562198460102081,
  "avg_eq_before_mse": 0.7397655463107231,
  "avg_eq_after_mse": 0.6863753657608533,
  "noise_floor_dB": -0.9963282966549467,
  "pipeline_roundtrip_ok": true,
  "representative_run_index": 2
}