{
  "label": "current",
  "runs": 5,
  "config_diff": {},
  "detect_success_rate": 0.4,
  "header_success_rate": 1.0,
  "payload_success_rate": 0.4,
  "equalizer_accept_rate": 0.6,
  "avg_header_alignment_peak": 0.49359925985336306,
  "avg_timing_header_peak": 0.5161290287971496,
  "avg_final_peak": 0.4580645143985748,
  "avg_preamble_cfo_score": 0.5298323633158191,
  "avg_preamble_cfo_frequency_hz": -333.8860087259785,
  "avg_costas_error_mean": -0.0044858601409941915,
  "avg_costas_error_variance": 0.14022782407701015,
  "avg_costas_phase_span": 0.007266818266361952,
  "avg_gardner_error_mean": 0.0046066165203228595,
  "avg_gardner_error_variance": 0.03526177946478128,
  "avg_timing_error": 0.9131182432174683,
  "avg_carrier_error": 0.7465595006942749,
  "avg_equalized_error": 0.7059735059738159,
  "avg_fine_error": 0.6350740134716034,
  "avg_eq_before_mse": 1.0370894603602108,
  "avg_eq_after_mse": 0.8335152196128224,
  "noise_floor_dB": -1.5333471114800081,
  "pipeline_roundtrip_ok": true,
  "representative_run_index": 4
}