{
  "label": "current_0_0",
  "runs": 5,
  "config_diff": {},
  "detect_success_rate": 1.0,
  "header_success_rate": 1.0,
  "payload_success_rate": 1.0,
  "equalizer_accept_rate": 1.0,
  "avg_header_alignment_peak": 0.9557713389396667,
  "avg_timing_header_peak": 1.0,
  "avg_final_peak": 1.0,
  "avg_preamble_cfo_score": 0.988821541987704,
  "avg_preamble_cfo_frequency_hz": 30.512355725758596,
  "avg_costas_error_mean": -0.045806766301393506,
  "avg_costas_error_variance": 0.01469154735095799,
  "avg_costas_phase_span": 0.016657430864870548,
  "avg_gardner_error_mean": 0.0025449600536376236,
  "avg_gardner_error_variance": 0.01379527933895588,
  "avg_timing_error": 0.8800880432128906,
  "avg_carrier_error": 0.4880631983280182,
  "avg_equalized_error": 0.3951489508152008,
  "avg_fine_error": 0.37521111965179443,
  "avg_eq_before_mse": 0.35377649471955797,
  "avg_eq_after_mse": 0.22358549369417116,
  "noise_floor_dB": -4.646218068477864,
  "pipeline_roundtrip_ok": true,
  "representative_run_index": 1
}