{
  "label": "tighter_gate_short",
  "runs": 5,
  "config_diff": {
    "synchronization.gardner_gate_energy_percentile_low": 35.0,
    "synchronization.gardner_gate_energy_percentile_high": 85.0,
    "synchronization.gardner_gate_energy_scale_low": 2.0,
    "synchronization.gardner_gate_energy_scale_high": 2.0,
    "synchronization.gardner_tracking_payload_symbols": 32
  },
  "detect_success_rate": 0.4,
  "header_success_rate": 1.0,
  "payload_success_rate": 0.4,
  "equalizer_accept_rate": 0.4,
  "avg_header_alignment_peak": 0.4892128586769104,
  "avg_timing_header_peak": 0.5483870923519134,
  "avg_final_peak": 0.5161290287971496,
  "avg_preamble_cfo_score": 0.46407006135352413,
  "avg_preamble_cfo_frequency_hz": -470.74576944016354,
  "avg_costas_error_mean": -0.0054916637018322945,
  "avg_costas_error_variance": 0.1453813439933583,
  "avg_costas_phase_span": 0.0050123636843636635,
  "avg_gardner_error_mean": 0.0002862618421204388,
  "avg_gardner_error_variance": 0.05024088565260172,
  "avg_timing_error": 1.0680826425552368,
  "avg_carrier_error": 0.7485271513462066,
  "avg_equalized_error": 0.714211106300354,
  "avg_fine_error": 0.6915826320648193,
  "avg_eq_before_mse": 0.9259859492185948,
  "avg_eq_after_mse": 0.7967249528744809,
  "noise_floor_dB": -1.0332342709538709,
  "pipeline_roundtrip_ok": true,
  "representative_run_index": 3
}