{
  "label": "looser_gate_long",
  "runs": 5,
  "config_diff": {
    "synchronization.gardner_gate_energy_percentile_low": 15.0,
    "synchronization.gardner_gate_energy_percentile_high": 95.0,
    "synchronization.gardner_gate_energy_scale_low": 4.0,
    "synchronization.gardner_gate_energy_scale_high": 4.0,
    "synchronization.gardner_tracking_payload_symbols": 128
  },
  "detect_success_rate": 0.6,
  "header_success_rate": 1.0,
  "payload_success_rate": 0.6,
  "equalizer_accept_rate": 0.8,
  "avg_header_alignment_peak": 0.6699143052101135,
  "avg_timing_header_peak": 0.6838709652423859,
  "avg_final_peak": 0.6967741906642914,
  "avg_preamble_cfo_score": 0.7576447062329319,
  "avg_preamble_cfo_frequency_hz": 762.2557754974308,
  "avg_costas_error_mean": -0.16181061919778586,
  "avg_costas_error_variance": 0.10325324647128582,
  "avg_costas_phase_span": 0.01833608476445079,
  "avg_gardner_error_mean": 0.002656448294874281,
  "avg_gardner_error_variance": 0.028400351665914057,
  "avg_timing_error": 0.8717317938804626,
  "avg_carrier_error": 0.7118689060211182,
  "avg_equalized_error": 0.6532583653926849,
  "avg_fine_error": 0.5695793688297272,
  "avg_eq_before_mse": 0.623292433468603,
  "avg_eq_after_mse": 0.5433620490288248,
  "noise_floor_dB": -1.6897397672786527,
  "pipeline_roundtrip_ok": true,
  "representative_run_index": 1
}