{
  "label": "clamp_low",
  "runs": 5,
  "config_diff": {
    "synchronization.preamble_cfo_max_abs_slope_rad_per_symbol": 0.02
  },
  "detect_success_rate": 0.8,
  "header_success_rate": 1.0,
  "payload_success_rate": 0.8,
  "equalizer_accept_rate": 0.8,
  "avg_header_alignment_peak": 0.8222857192158699,
  "avg_timing_header_peak": 0.8580645143985748,
  "avg_final_peak": 0.8193548381328583,
  "avg_preamble_cfo_score": 0.8487307133878726,
  "avg_preamble_cfo_frequency_hz": 275.1560603277877,
  "avg_costas_error_mean": 0.0918847069144249,
  "avg_costas_error_variance": 0.06512516029179097,
  "avg_costas_phase_span": 0.02470391932874918,
  "avg_gardner_error_mean": 0.001648128917440772,
  "avg_gardner_error_variance": 0.02188047766685486,
  "avg_timing_error": 0.5855026304721832,
  "avg_carrier_error": 0.6112312376499176,
  "avg_equalized_error": 0.5352344274520874,
  "avg_fine_error": 0.4692077100276947,
  "avg_eq_before_mse": 0.4877723514059286,
  "avg_eq_after_mse": 0.3850064500112539,
  "noise_floor_dB": -3.2296681207000706,
  "pipeline_roundtrip_ok": true,
  "representative_run_index": 3
}