{
  "label": "current",
  "runs": 5,
  "config_diff": {},
  "detect_success_rate": 1.0,
  "header_success_rate": 1.0,
  "payload_success_rate": 1.0,
  "equalizer_accept_rate": 1.0,
  "avg_header_alignment_peak": 0.9587907314300537,
  "avg_timing_header_peak": 1.0,
  "avg_final_peak": 1.0,
  "avg_preamble_cfo_score": 0.9889883035148779,
  "avg_preamble_cfo_frequency_hz": -24.175503732970334,
  "avg_costas_error_mean": -0.044784114509820935,
  "avg_costas_error_variance": 0.014430059306323528,
  "avg_costas_phase_span": 0.012425402831286191,
  "avg_gardner_error_mean": 0.0036987289786338806,
  "avg_gardner_error_variance": 0.01388525329530239,
  "avg_timing_error": 0.7405497908592225,
  "avg_carrier_error": 0.4705244660377502,
  "avg_equalized_error": 0.3844762146472931,
  "avg_fine_error": 0.373007208108902,
  "avg_eq_before_mse": 0.3503405988478359,
  "avg_eq_after_mse": 0.21881861939828967,
  "noise_floor_dB": -2.715528333812432,
  "pipeline_roundtrip_ok": true,
  "representative_run_index": 1
}