{
  "label": "current",
  "runs": 5,
  "config_diff": {},
  "detect_success_rate": 1.0,
  "header_success_rate": 1.0,
  "payload_success_rate": 1.0,
  "equalizer_accept_rate": 1.0,
  "avg_header_alignment_peak": 0.998383390903473,
  "avg_timing_header_peak": 1.0,
  "avg_final_peak": 1.0,
  "avg_preamble_cfo_score": 0.9867972817210614,
  "avg_preamble_cfo_frequency_hz": -0.10613528932188691,
  "avg_costas_error_mean": 0.03512058686465025,
  "avg_costas_error_variance": 0.004935535765253007,
  "avg_costas_phase_span": 0.005694438051432371,
  "avg_gardner_error_mean": 0.011849918868392706,
  "avg_gardner_error_variance": 0.01433757096529007,
  "avg_timing_error": 0.8255181431770324,
  "avg_carrier_error": 0.459629613161087,
  "avg_equalized_error": 0.3729775309562683,
  "avg_fine_error": 0.36936381459236145,
  "avg_eq_before_mse": 0.3528285672896339,
  "avg_eq_after_mse": 0.22027091870262513,
  "noise_floor_dB": -1.6041648314707777,
  "pipeline_roundtrip_ok": true,
  "representative_run_index": 1
}