{
  "label": "tx_0_rx_6",
  "runs": 5,
  "config_diff": {
    "receiver.rx_gain_dB": 6
  },
  "detect_success_rate": 1.0,
  "header_success_rate": 1.0,
  "payload_success_rate": 1.0,
  "equalizer_accept_rate": 1.0,
  "avg_header_alignment_peak": 0.9986696720123291,
  "avg_timing_header_peak": 1.0,
  "avg_final_peak": 1.0,
  "avg_preamble_cfo_score": 0.9888630138204821,
  "avg_preamble_cfo_frequency_hz": 0.1927286788031224,
  "avg_costas_error_mean": -0.06932213306427001,
  "avg_costas_error_variance": 0.019656883925199507,
  "avg_costas_phase_span": 0.026268763281404973,
  "avg_gardner_error_mean": 0.0023829196114093067,
  "avg_gardner_error_variance": 0.013969345763325692,
  "avg_timing_error": 0.8022777676582337,
  "avg_carrier_error": 0.5288461804389953,
  "avg_equalized_error": 0.43084285259246824,
  "avg_fine_error": 0.38671144247055056,
  "avg_eq_before_mse": 0.36201240604606655,
  "avg_eq_after_mse": 0.2339957578730188,
  "noise_floor_dB": -2.492120626744317,
  "pipeline_roundtrip_ok": true,
  "representative_run_index": 2
}