{
  "label": "current",
  "runs": 5,
  "config_diff": {},
  "detect_success_rate": 1.0,
  "header_success_rate": 1.0,
  "payload_success_rate": 1.0,
  "equalizer_accept_rate": 1.0,
  "avg_header_alignment_peak": 0.9984129786491394,
  "avg_timing_header_peak": 1.0,
  "avg_final_peak": 1.0,
  "avg_preamble_cfo_score": 0.9873936468981543,
  "avg_preamble_cfo_frequency_hz": -0.1792851132043158,
  "avg_costas_error_mean": 0.08935595601797104,
  "avg_costas_error_variance": 0.0062720219604671,
  "avg_costas_phase_span": 0.009259748179465533,
  "avg_gardner_error_mean": 0.006095121894031763,
  "avg_gardner_error_variance": 0.013898866996169091,
  "avg_timing_error": 0.8063522219657898,
  "avg_carrier_error": 0.46442975401878356,
  "avg_equalized_error": 0.3790259540081024,
  "avg_fine_error": 0.3717920005321503,
  "avg_eq_before_mse": 0.35681096617194086,
  "avg_eq_after_mse": 0.22645775511685154,
  "noise_floor_dB": -1.3746290007055655,
  "pipeline_roundtrip_ok": true,
  "representative_run_index": 4
}