{
  "label": "stricter_thresholds",
  "runs": 5,
  "config_diff": {
    "gold_sequence.correlation_threshold": 0.75,
    "gold_sequence.decode_candidate_min_peak": 0.7
  },
  "detect_success_rate": 1.0,
  "header_success_rate": 1.0,
  "payload_success_rate": 1.0,
  "equalizer_accept_rate": 1.0,
  "avg_header_alignment_peak": 0.9957006573677063,
  "avg_timing_header_peak": 1.0,
  "avg_final_peak": 1.0,
  "avg_preamble_cfo_score": 0.9872954640757975,
  "avg_preamble_cfo_frequency_hz": -5.9647676771674565,
  "avg_costas_error_mean": -0.08396634310483933,
  "avg_costas_error_variance": 0.0059854881139472125,
  "avg_costas_phase_span": 0.008561597531661391,
  "avg_gardner_error_mean": 0.005303486716002226,
  "avg_gardner_error_variance": 0.01438461896032095,
  "avg_timing_error": 1.1919588446617126,
  "avg_carrier_error": 0.46251989603042604,
  "avg_equalized_error": 0.3738138973712921,
  "avg_fine_error": 0.36803801655769347,
  "avg_eq_before_mse": 0.35431518196400935,
  "avg_eq_after_mse": 0.22426910202372655,
  "noise_floor_dB": -1.3265173012033045,
  "pipeline_roundtrip_ok": true,
  "representative_run_index": 5
}