{
  "label": "faster_costas",
  "runs": 5,
  "config_diff": {
    "synchronization.costas_Kp": 0.01,
    "synchronization.costas_Ki": 2e-05,
    "synchronization.costas_gate_power_percentile_low": 10.0,
    "synchronization.costas_gate_power_percentile_high": 90.0
  },
  "detect_success_rate": 0.6,
  "header_success_rate": 1.0,
  "payload_success_rate": 0.6,
  "equalizer_accept_rate": 0.8,
  "avg_header_alignment_peak": 0.6651385992765426,
  "avg_timing_header_peak": 0.6903225779533386,
  "avg_final_peak": 0.6451612889766694,
  "avg_preamble_cfo_score": 0.6762683693275167,
  "avg_preamble_cfo_frequency_hz": -590.3368145444161,
  "avg_costas_error_mean": 0.11997513871174306,
  "avg_costas_error_variance": 0.10364125557243824,
  "avg_costas_phase_span": 0.03115729447454214,
  "avg_gardner_error_mean": 0.0035881523857824505,
  "avg_gardner_error_variance": 0.03133288007229566,
  "avg_timing_error": 0.846335256099701,
  "avg_carrier_error": 0.6871633052825927,
  "avg_equalized_error": 0.6250752627849578,
  "avg_fine_error": 0.5705714285373688,
  "avg_eq_before_mse": 0.759198887552792,
  "avg_eq_after_mse": 0.647856206151085,
  "noise_floor_dB": -0.6634620883794495,
  "pipeline_roundtrip_ok": true,
  "representative_run_index": 3
}