{
  "label": "current",
  "runs": 5,
  "config_diff": {},
  "detect_success_rate": 0.2,
  "header_success_rate": 1.0,
  "payload_success_rate": 0.2,
  "equalizer_accept_rate": 0.6,
  "avg_header_alignment_peak": 0.33043338656425475,
  "avg_timing_header_peak": 0.3999999940395355,
  "avg_final_peak": 0.38064515590667725,
  "avg_preamble_cfo_score": 0.35634466771969614,
  "avg_preamble_cfo_frequency_hz": 635.3640827275924,
  "avg_costas_error_mean": -0.04886384895071387,
  "avg_costas_error_variance": 0.20197526402771473,
  "avg_costas_phase_span": 0.00930400174111128,
  "avg_gardner_error_mean": 0.0012102890435926384,
  "avg_gardner_error_variance": 0.067236571572721,
  "avg_timing_error": 0.9827920317649841,
  "avg_carrier_error": 0.8967925846576691,
  "avg_equalized_error": 0.8757032155990601,
  "avg_fine_error": 0.8697181463241577,
  "avg_eq_before_mse": 0.9095943432883988,
  "avg_eq_after_mse": 0.8447762736065532,
  "noise_floor_dB": -1.2246757523203862,
  "pipeline_roundtrip_ok": true,
  "representative_run_index": 4
}