{
  "label": "current_config",
  "runs": 20,
  "config_diff": {},
  "detect_success_rate": 0.95,
  "header_success_rate": 0.95,
  "payload_success_rate": 0.95,
  "equalizer_accept_rate": 1.0,
  "avg_header_alignment_peak": 0.9678882345557213,
  "avg_timing_header_peak": 0.9645161285996438,
  "avg_final_peak": 0.95,
  "avg_preamble_cfo_score": 0.9596352732784365,
  "avg_preamble_cfo_frequency_hz": -134.88547599683358,
  "avg_costas_error_mean": 0.023570203222334385,
  "avg_costas_error_variance": 0.017628539458382875,
  "avg_costas_phase_span": 0.010643980109239237,
  "avg_gardner_error_mean": 0.01019157751579769,
  "avg_gardner_error_variance": 0.01623623394407332,
  "avg_timing_error": 1.2282349348068238,
  "avg_carrier_error": 0.5539835825562477,
  "avg_equalized_error": 0.4610567554831505,
  "avg_fine_error": 0.44797372817993164,
  "avg_eq_before_mse": 0.7742754055656182,
  "avg_eq_after_mse": 0.5526428881034819,
  "noise_floor_dB": -2.589805484951789,
  "pipeline_roundtrip_ok": true,
  "representative_run_index": 10
}