{
  "label": "baseline",
  "runs": 10,
  "config_diff": {},
  "detect_success_rate": 0.8,
  "header_success_rate": 1.0,
  "payload_success_rate": 0.8,
  "equalizer_accept_rate": 0.8,
  "avg_header_alignment_peak": 0.917654287815094,
  "avg_timing_header_peak": 0.8645161271095276,
  "avg_final_peak": 0.8612903207540512,
  "avg_preamble_cfo_score": 0.9347600335927437,
  "avg_preamble_cfo_frequency_hz": -660.0114671246565,
  "avg_costas_error_mean": -0.08307690512156114,
  "avg_costas_error_variance": 0.05757322465069592,
  "avg_costas_phase_span": 0.015733788907527923,
  "avg_gardner_error_mean": 0.002535693347454071,
  "avg_gardner_error_variance": 0.013987478334456682,
  "avg_timing_error": 0.6664417386054993,
  "avg_carrier_error": 0.5646235883235932,
  "avg_equalized_error": 0.4932336360216141,
  "avg_fine_error": 0.4241293340921402,
  "avg_eq_before_mse": 0.5159066477847972,
  "avg_eq_after_mse": 0.4012603620246134,
  "noise_floor_dB": -4.951021206226237,
  "pipeline_roundtrip_ok": true,
  "representative_run_index": 7
}